{"version": "2.0.0rc7", "architecture": "pynini", "train_date": "2022-06-01 18:31:57.796393", "phones": ["TS", "a", "b", "d", "d\u0292", "e", "f", "g", "i", "j", "k", "l", "m", "n", "o", "p", "r", "s", "t", "t\u0283", "u", "v", "w", "z", "\u00f0", "\u014b", "\u0254", "\u0259", "\u0272", "\u027e", "\u0283", "\u028e", "\u0292", "\u03b2", "\u03b3", "\u03b5"], "graphemes": ["6", "n", "x", "@", "\u00e0", "f", "j", "\u00f6", "o", "2", "m", "\u00e9", "'", "w", "\u00e4", "5", "\u00eb", "\u00aa", "\u0304", "\u00ea", "+", "i", "\u2011", "\u00ee", "7", "8", "1", "_", "\u00b8", "\u00f3", "3", "0", "\u00f4", "\u00f2", "p", "\u00e8", "\u00f1", "u", "9", "v", "l", "y", "a", "-", "z", "\u00b7", "\u00e7", "b", "\u00ed", "c", "\u00e2", "4", "\u00ec", "\u00fb", "d", "s", "t", "r", "q", "k", "g", "h", "\u00ef", "\u00fc", "e", "&", "\u017e", "/", "\u00fa", "\u00e1", "\u00e3"], "evaluation": {}, "training": {"num_words": 123154, "num_graphemes": 71, "num_phones": 36}}