{"phones": ["'a')", "'a',", "'b',", "'d',", "'d\u0292',", "'e')", "'e',", "'f')", "'f',", "'g',", "'i')", "'i',", "'j')", "'j',", "'k')", "'k',", "'l')", "'l',", "'m')", "'m',", "'n')", "'n',", "'o')", "'o',", "'p')", "'p',", "'r',", "'s')", "'s',", "'t')", "'t',", "'t\u0283')", "'t\u0283',", "'u')", "'u',", "'v',", "'w')", "'w',", "'z')", "'z',", "'\u00f0',", "'\u014b')", "'\u014b',", "'\u0254')", "'\u0254',", "'\u0259')", "'\u0259',", "'\u0272')", "'\u0272',", "'\u027e')", "'\u027e',", "'\u0283')", "'\u0283',", "'\u028e')", "'\u028e',", "'\u0292',", "'\u03b2',", "'\u03b3',", "'\u03b5')", "'\u03b5',", "('a',", "('a',)", "('b',", "('d',", "('d\u0292',", "('e',", "('f',", "('g',", "('i',", "('i',)", "('j',", "('k',", "('l',", "('m',", "('n',", "('o',", "('o',)", "('p',", "('s',", "('t',", "('t\u0283',", "('u',", "('u',)", "('v',", "('w',", "('z',", "('\u0254',", "('\u0259',", "('\u0259',)", "('\u027e',", "('\u0283',", "('\u028e',", "('\u0292',", "('\u03b5',", "('\u03b5',)"], "version": "2.0.0rc7", "architecture": "gmm-hmm", "train_date": "2022-06-01 21:46:16.181323", "training": {"audio_duration": 152259.25000000081, "num_speakers": 400, "num_utterances": 28181, "num_oovs": 0, "average_log_likelihood": -0.009441850051018172}, "features": {"type": "mfcc", "use_energy": false, "frame_shift": 10, "frame_length": 25, "snip_edges": true, "low_frequency": 20, "high_frequency": 7800, "sample_frequency": 16000, "allow_downsample": true, "allow_upsample": true, "uses_cmvn": true, "uses_deltas": true, "uses_voiced": false, "uses_splices": false, "uses_speaker_adaptation": true, "use_pitch": false, "min_f0": 50, "max_f0": 500, "delta_pitch": 0.005, "penalty_factor": 0.1}, "oov_phone": "spn", "optional_silence_phone": "sil", "phone_set_type": "UNKNOWN", "silence_probability": 0.206651157450165, "initial_silence_probability": 0.21, "final_silence_correction": 2.08, "final_non_silence_correction": 1.97}